{
    "bsonType": "object",
    "properties": {
        "_id": {
            "bsonType": "objectId"
        },
        "device_id": {
            "bsonType": "string"
        },
        "memberof": {
            "bsonType": "array",
            "items": {
                "bsonType": "object",
                "properties": {
                    "name": {
                        "bsonType": "string"
                    },
                    "partition": {
                        "bsonType": "string"
                    }
                },
                "required": [],
                "title": "Project"
            }
        },
        "name": {
            "bsonType": "string"
        },
        "temp": {
            "bsonType": "long"
        },
        "timestamp": {
            "bsonType": "date"
        }
    },
    "required": [
        "_id",
        "device_id",
        "name",
        "temp",
        "timestamp"
    ],
    "title": "weather24m"
}
