{
    "name": "Audit_Trigger",
    "type": "DATABASE",
    "config": {
        "operation_types": [
            "UPDATE",
            "REPLACE",
            "DELETE"
        ],
        "database": "production_Cluster0",
        "collection": "roles",
        "service_name": "mongodb-atlas",
        "match": {},
        "project": {},
        "full_document": true,
        "full_document_before_change": true,
        "unordered": false,
        "skip_catchup_events": false,
        "tolerate_resume_errors": false
    },
    "disabled": false,
    "event_processors": {
        "FUNCTION": {
            "config": {
                "function_name": "InsertAuditRecord"
            }
        }
    }
}
