{
    "name": "SplitPayload",
    "type": "DATABASE",
    "config": {
        "operation_types": [
            "INSERT"
        ],
        "database": "testRealmSync",
        "collection": "testRealm",
        "service_name": "mongodb-atlas",
        "match": {},
        "project": {},
        "full_document": true,
        "full_document_before_change": false,
        "unordered": false,
        "skip_catchup_events": false,
        "tolerate_resume_errors": false
    },
    "disabled": false,
    "event_processors": {
        "FUNCTION": {
            "config": {
                "function_name": "SplitAndInsertRecords"
            }
        }
    }
}
